id,nome
adriano,Adriano
ally,Ally
bruno,Bruno
carolina,Carolina
ciro,Ciro
daniel,Daniel
daniela,Daniela
daniele,Daniele
david,David
dimas,Dimas
eduardo,Eduardo
estevao,Estevao
fabio,FÃ¡bio
felipe,Felipe
fernando,Fernando
flavia,Flavia
gabriel,Gabriel
gabriela,Gabriela
guilherme,Guilherme
gustavo,Gustavo
henrique,Henrique
herculano,Herculano
jakeline,Jakeline
otto,Otto
jose_victor,Jose Victor
josiane,Josiane
julia,Julia
leonardo,Leonardo
lilian,Lilian
lucas_nascimento,Lucas Nascimento
lucas_brasil,Lucas Brasil
tacconi,Tacconi
mario,Mario
mino,Mino
natalia,Natalia
richard,Richard
rodrigo,Rodrigo
ronaldo,Ronaldo
sylas,Sylas
telma,Telma
william,William